id,class,subject,chapter,topic,difficulty,question,option_a,option_b,option_c,option_d,correct_answer,explanation
BOT-LIV-001,11,botany,What is Living? Growth, Reproduction & Metabolism,What is Living?,Easy,Which characteristic is most directly associated with metabolism in living organisms?,Conversion of nutrients into usable energy and cellular products,Increase in body size only,Movement from one place to another,Production of offspring,C,Metabolism includes the complete set of chemical reactions occurring in a living organism, including reactions that obtain energy and build or break down cellular substances.
BOT-LIV-002,11,botany,What is Living? Growth, Reproduction & Metabolism,What is Living?,Easy,Which process is a defining property of living organisms?,Metabolism,Crystallisation,Weathering,Evaporation,A,Metabolism is a defining property of living systems because living cells continuously carry out coordinated biochemical reactions needed for maintenance and functioning.
BOT-LIV-003,11,botany,What is Living? Growth, Reproduction & Metabolism,Growth,Easy,In living organisms growth mainly results from:,Increase in cell number and/or cell size,Accumulation of dust on the surface,External deposition of minerals,Formation of crystals,A,Living growth results from internal biological processes such as cell division and cell enlargement rather than external deposition.
BOT-LIV-004,11,botany,What is Living? Growth, Reproduction & Metabolism,Growth,Medium,Why is growth by external accumulation not considered a defining property of living organisms?,Non-living objects can also increase in size by deposition,Only animals show growth,Plants never grow,Cells cannot increase in size,A,Non-living objects such as crystals may increase in size through external deposition, so increase in size alone cannot define life.
BOT-LIV-005,11,botany,What is Living? Growth, Reproduction & Metabolism,Reproduction,Easy,Which statement about reproduction is correct?,Reproduction is not an essential property for survival of every individual organism,All organisms reproduce throughout their lifetime,Reproduction occurs only in multicellular organisms,Reproduction is identical in all organisms,A,An individual organism may be sterile and still be alive, so reproduction is not essential for survival of every individual although it is important for continuity of life.
BOT-LIV-006,11,botany,What is Living? Growth, Reproduction & Metabolism,Reproduction,Medium,Which pair correctly represents the two broad modes of reproduction?,Asexual and sexual,Vegetative and metabolic,Autotrophic and heterotrophic,Aerobic and anaerobic,A,Asexual reproduction generally involves a single parent without fusion of gametes, whereas sexual reproduction involves formation and fusion of gametes.
BOT-LIV-007,11,botany,What is Living? Growth, Reproduction & Metabolism,Reproduction,Medium,Which is an example of reproduction that does not involve fusion of gametes?,Binary fission,Fertilisation,Syngamy,Double fertilisation,A,Binary fission is an asexual process in which one parent cell divides to form new individuals without gamete fusion.
BOT-LIV-008,11,botany,What is Living? Growth, Reproduction & Metabolism,Reproduction,Medium,Why can reproduction not be used as the sole defining feature of living organisms?,Some living organisms are sterile,All living organisms are unicellular,Non-living objects reproduce by meiosis,Reproduction never occurs in plants,A,Reproduction is not universal at the individual level because some living organisms, including sterile individuals, do not reproduce.
BOT-LIV-009,11,botany,What is Living? Growth, Reproduction & Metabolism,Metabolism,Easy,The sum total of all chemical reactions occurring in a living organism is called:,Metabolism,Homeostasis,Taxonomy,Reproduction,A,Metabolism is the totality of biochemical reactions occurring within a living organism, including both constructive and degradative reactions.
BOT-LIV-010,11,botany,What is Living? Growth, Reproduction & Metabolism,Metabolism,Medium,Which process is an example of anabolism?,Synthesis of proteins from amino acids,Breakdown of glucose,Digestion of starch,Degradation of fats,A,Anabolism consists of constructive reactions that build complex molecules from simpler ones; protein synthesis from amino acids is an example.
BOT-LIV-011,11,botany,What is Living? Growth, Reproduction & Metabolism,Metabolism,Medium,Which process is an example of catabolism?,Breakdown of glucose to release energy,Synthesis of DNA from nucleotides,Formation of proteins,Formation of glycogen from glucose,D,Catabolism involves breakdown of complex molecules into simpler products, often releasing usable energy; glucose breakdown is a catabolic process.
BOT-LIV-012,11,botany,What is Living? Growth, Reproduction & Metabolism,Metabolism,Medium,Which statement best distinguishes metabolism from growth?,Metabolism includes chemical reactions necessary for cellular maintenance and function,Growth is the only biochemical process in cells,Metabolism occurs only during reproduction,Growth and metabolism are identical terms,A,Metabolism covers the biochemical reactions that maintain and operate cells, whereas growth refers to an increase in biological mass or size.
BOT-LIV-013,11,botany,What is Living? Growth, Reproduction & Metabolism,Cellular Organisation,Easy,Which feature is fundamental to all known living organisms?,Cellular organisation,Ability to move from place to place,Presence of chlorophyll,Presence of a cell wall,A,All known living organisms are cellular, with life processes organised within cells or cellular structures.
BOT-LIV-014,11,botany,What is Living? Growth, Reproduction & Metabolism,Cellular Organisation,Medium,Why is cellular organisation important in living organisms?,It provides an organised structural and functional basis for life processes,It guarantees that every organism can fly,It prevents all mutations,It makes reproduction compulsory,A,Cells provide the basic structural and functional organisation in which coordinated life processes such as metabolism and regulation occur.
BOT-LIV-015,11,botany,What is Living? Growth, Reproduction & Metabolism,Consciousness,Medium,In the context of living organisms, consciousness refers most directly to the ability to:,Sense and respond to environmental stimuli,Produce seeds only,Carry out photosynthesis only,Increase body size only,A,Consciousness in biology refers to the capacity to sense and respond to environmental changes, with especially complex forms occurring in animals.
BOT-LIV-016,11,botany,What is Living? Growth, Reproduction & Metabolism,Consciousness,Medium,Which is an example of a response to an environmental stimulus in plants?,Growth of a shoot toward light,Formation of a crystal from a solution,Melting of ice,Evaporation of water,A,Phototropic growth toward light is a biological response to an environmental stimulus and demonstrates responsiveness in plants.
BOT-LIV-017,11,botany,What is Living? Growth, Reproduction & Metabolism,Life Processes,Hard,Which combination best represents major defining features of living organisms?,Cellular organisation metabolism growth and responsiveness,Crystallisation evaporation melting and deposition,Only movement and reproduction,Only increase in size,A,Living organisms show cellular organisation and coordinated processes such as metabolism, growth and responsiveness; no single simple feature is sufficient in every case.
BOT-LIV-018,11,botany,What is Living? Growth, Reproduction & Metabolism,Life Processes,Hard,Why is consciousness considered a defining property of living organisms in the biological sense?,Living organisms can sense and respond to internal or external stimuli,All organisms possess a nervous system,Only animals respond to stimuli,Plants cannot detect environmental changes,A,Living organisms detect and respond to stimuli; this responsiveness occurs in plants as well as animals even though the mechanisms differ.
BOT-LIV-019,11,botany,What is Living? Growth, Reproduction & Metabolism,Life Processes,Hard,A sterile living organism demonstrates that:,Reproduction is not an obligatory property for survival of every individual,Reproduction is required for every individual organism,Only non-living things can be sterile,Metabolism is absent in sterile organisms,A,Sterile organisms remain alive despite being unable to reproduce, showing that reproduction is not an essential criterion for the survival of every individual.
BOT-LIV-020,11,botany,What is Living? Growth, Reproduction & Metabolism,Life Processes,Hard,Which property most strongly distinguishes a living system from a non-living system when considered as a whole?,Coordinated cellular metabolism and responsiveness,Increase in size by external deposition,Change of physical state,Simple accumulation of material,A,Living systems maintain organised cellular processes through metabolism and respond to their surroundings, whereas non-living systems can show isolated physical changes without integrated life processes.